{
  "Negative": {
    "precision": 0.9186602870813397,
    "recall": 0.8687782805429864,
    "f1-score": 0.8930232558139535,
    "support": 1326.0
  },
  "Neutral": {
    "precision": 0.6842800528401585,
    "recall": 0.8144654088050315,
    "f1-score": 0.7437185929648241,
    "support": 636.0
  },
  "Positive": {
    "precision": 0.9030303030303031,
    "recall": 0.8662790697674418,
    "f1-score": 0.884272997032641,
    "support": 1204.0
  },
  "accuracy": 0.8569172457359444,
  "macro avg": {
    "precision": 0.8353235476506006,
    "recall": 0.8498409197051533,
    "f1-score": 0.8403382819371396,
    "support": 3166.0
  },
  "weighted avg": {
    "precision": 0.8656330193065959,
    "recall": 0.8569172457359444,
    "f1-score": 0.8597026376381017,
    "support": 3166.0
  }
}