{
  "dataset_name": "uit-vsmec",
  "model_name": "vit5",
  "foundation_model": "vit5",
  "head_model": "cnn",
  "test_loss": 0.779487133026123,
  "test_accuracy": 0.7460317611694336,
  "test_samples": 693,
  "classification_metrics": {
    "Negative": {
      "precision": 0.8,
      "recall": 0.8160919540229885,
      "f1-score": 0.8079658605974396,
      "support": 348.0
    },
    "Neutral": {
      "precision": 0.6134969325153374,
      "recall": 0.5376344086021505,
      "f1-score": 0.5730659025787965,
      "support": 186.0
    },
    "Positive": {
      "precision": 0.76,
      "recall": 0.8364779874213837,
      "f1-score": 0.7964071856287425,
      "support": 159.0
    },
    "accuracy": 0.746031746031746,
    "macro avg": {
      "precision": 0.7244989775051125,
      "recall": 0.7300681166821743,
      "f1-score": 0.7258129829349929,
      "support": 693.0
    },
    "weighted avg": {
      "precision": 0.7407654104586621,
      "recall": 0.746031746031746,
      "f1-score": 0.7422671282576266,
      "support": 693.0
    }
  }
}