{
  "method": "emotion",
  "foundation_model": "phobert",
  "head_model": "lstm",
  "test_loss": 1.5806516408920288,
  "test_accuracy": 0.709956705570221,
  "test_samples": 693,
  "classification_metrics": {
    "Negative": {
      "precision": 0.7664835164835165,
      "recall": 0.8017241379310345,
      "f1-score": 0.7837078651685393,
      "support": 348.0
    },
    "Neutral": {
      "precision": 0.5769230769230769,
      "recall": 0.5645161290322581,
      "f1-score": 0.5706521739130435,
      "support": 186.0
    },
    "Positive": {
      "precision": 0.7346938775510204,
      "recall": 0.6792452830188679,
      "f1-score": 0.7058823529411765,
      "support": 159.0
    },
    "accuracy": 0.70995670995671,
    "macro avg": {
      "precision": 0.6927001569858713,
      "recall": 0.6818285166607202,
      "f1-score": 0.6867474640075865,
      "support": 693.0
    },
    "weighted avg": {
      "precision": 0.7083120960671981,
      "recall": 0.70995670995671,
      "f1-score": 0.7086680166581888,
      "support": 693.0
    }
  }
}