{
  "dataset_name": "uit-vsfc-2",
  "model_name": "phobert",
  "foundation_model": "phobert",
  "head_model": "cnn",
  "test_loss": 0.6927885413169861,
  "test_accuracy": 0.7575757503509521,
  "test_samples": 693,
  "classification_metrics": {
    "Negative": {
      "precision": 0.8050847457627118,
      "recall": 0.8189655172413793,
      "f1-score": 0.811965811965812,
      "support": 348.0
    },
    "Neutral": {
      "precision": 0.6428571428571429,
      "recall": 0.532258064516129,
      "f1-score": 0.5823529411764706,
      "support": 186.0
    },
    "Positive": {
      "precision": 0.7621621621621621,
      "recall": 0.8867924528301887,
      "f1-score": 0.8197674418604651,
      "support": 159.0
    },
    "accuracy": 0.7575757575757576,
    "macro avg": {
      "precision": 0.7367013502606724,
      "recall": 0.7460053448625658,
      "f1-score": 0.7380287316675825,
      "support": 693.0
    },
    "weighted avg": {
      "precision": 0.7516950993948573,
      "recall": 0.7575757575757576,
      "f1-score": 0.7521280993921213,
      "support": 693.0
    }
  }
}