{
  "method": "no_emotion",
  "foundation_model": "phobert",
  "head_model": "lstm",
  "test_loss": 0.8072957396507263,
  "test_accuracy": 0.6998556852340698,
  "test_samples": 693,
  "classification_metrics": {
    "Negative": {
      "precision": 0.7712609970674487,
      "recall": 0.7557471264367817,
      "f1-score": 0.7634252539912917,
      "support": 348.0
    },
    "Neutral": {
      "precision": 0.5737704918032787,
      "recall": 0.5645161290322581,
      "f1-score": 0.5691056910569106,
      "support": 186.0
    },
    "Positive": {
      "precision": 0.6923076923076923,
      "recall": 0.7358490566037735,
      "f1-score": 0.7134146341463414,
      "support": 159.0
    },
    "accuracy": 0.6998556998556998,
    "macro avg": {
      "precision": 0.6791130603928065,
      "recall": 0.6853707706909379,
      "f1-score": 0.6819818597315145,
      "support": 693.0
    },
    "weighted avg": {
      "precision": 0.7001400599304546,
      "recall": 0.6998556998556998,
      "f1-score": 0.6997959217241315,
      "support": 693.0
    }
  }
}