{
  "dataset_name": "uit-vsmec-component-exp",
  "model_name": "viemonet_polarity_comp",
  "foundation_model": "phobert",
  "head_model": "cnn",
  "test_loss": 0.7243379950523376,
  "test_accuracy": 0.7460317611694336,
  "test_samples": 693,
  "classification_metrics": {
    "Negative": {
      "precision": 0.7857142857142857,
      "recall": 0.8218390804597702,
      "f1-score": 0.8033707865168539,
      "support": 348.0
    },
    "Neutral": {
      "precision": 0.66,
      "recall": 0.532258064516129,
      "f1-score": 0.5892857142857143,
      "support": 186.0
    },
    "Positive": {
      "precision": 0.7374301675977654,
      "recall": 0.8301886792452831,
      "f1-score": 0.7810650887573964,
      "support": 159.0
    },
    "accuracy": 0.746031746031746,
    "macro avg": {
      "precision": 0.7277148177706837,
      "recall": 0.728095274740394,
      "f1-score": 0.724573863186655,
      "support": 693.0
    },
    "weighted avg": {
      "precision": 0.7408946148291718,
      "recall": 0.746031746031746,
      "f1-score": 0.7407929663455036,
      "support": 693.0
    }
  }
}