{
  "Negative": {
    "precision": 0.7886904761904762,
    "recall": 0.7614942528735632,
    "f1-score": 0.7748538011695907,
    "support": 348.0
  },
  "Neutral": {
    "precision": 0.5786163522012578,
    "recall": 0.4946236559139785,
    "f1-score": 0.5333333333333333,
    "support": 186.0
  },
  "Positive": {
    "precision": 0.6717171717171717,
    "recall": 0.8364779874213837,
    "f1-score": 0.7450980392156863,
    "support": 159.0
  },
  "accuracy": 0.7070707070707071,
  "macro avg": {
    "precision": 0.6796746667029686,
    "recall": 0.6975319654029751,
    "f1-score": 0.6844283912395368,
    "support": 693.0
  },
  "weighted avg": {
    "precision": 0.7054689141800145,
    "recall": 0.7070707070707071,
    "f1-score": 0.7032030462371018,
    "support": 693.0
  }
}