{
  "Negative": {
    "precision": 0.8370607028753994,
    "recall": 0.7528735632183908,
    "f1-score": 0.7927382753403933,
    "support": 348.0
  },
  "Neutral": {
    "precision": 0.5735294117647058,
    "recall": 0.6290322580645161,
    "f1-score": 0.6,
    "support": 186.0
  },
  "Positive": {
    "precision": 0.6988636363636364,
    "recall": 0.7735849056603774,
    "f1-score": 0.7343283582089553,
    "support": 159.0
  },
  "accuracy": 0.7243867243867244,
  "macro avg": {
    "precision": 0.7031512503345806,
    "recall": 0.7184969089810949,
    "f1-score": 0.709022211183116,
    "support": 693.0
  },
  "weighted avg": {
    "precision": 0.7346218086157179,
    "recall": 0.7243867243867244,
    "f1-score": 0.7276062464266677,
    "support": 693.0
  }
}