{
  "Negative": {
    "precision": 0.9242671009771987,
    "recall": 0.8559577677224736,
    "f1-score": 0.8888018794048551,
    "support": 1326.0
  },
  "Neutral": {
    "precision": 0.6821808510638298,
    "recall": 0.8066037735849056,
    "f1-score": 0.739193083573487,
    "support": 636.0
  },
  "Positive": {
    "precision": 0.918212478920742,
    "recall": 0.904485049833887,
    "f1-score": 0.9112970711297071,
    "support": 1204.0
  },
  "accuracy": 0.8644977890082123,
  "macro avg": {
    "precision": 0.8415534769872567,
    "recall": 0.8556821970470887,
    "f1-score": 0.8464306780360165,
    "support": 3166.0
  },
  "weighted avg": {
    "precision": 0.8733332349314386,
    "recall": 0.8644977890082123,
    "f1-score": 0.8673025163877901,
    "support": 3166.0
  }
}