{
  "Negative": {
    "precision": 0.7216748768472906,
    "recall": 0.8419540229885057,
    "f1-score": 0.7771883289124668,
    "support": 348.0
  },
  "Neutral": {
    "precision": 0.6083333333333333,
    "recall": 0.3924731182795699,
    "f1-score": 0.477124183006536,
    "support": 186.0
  },
  "Positive": {
    "precision": 0.6646706586826348,
    "recall": 0.6981132075471698,
    "f1-score": 0.6809815950920245,
    "support": 159.0
  },
  "accuracy": 0.6883116883116883,
  "macro avg": {
    "precision": 0.6648929562877529,
    "recall": 0.6441801162717485,
    "f1-score": 0.6450980356703425,
    "support": 693.0
  },
  "weighted avg": {
    "precision": 0.6781753129486235,
    "recall": 0.6883116883116883,
    "f1-score": 0.6745782252819423,
    "support": 693.0
  }
}