{
  "metrics": {
    "accuracy": 0.8218390804597702,
    "macro_f1": 0.8094474153297683
  },
  "report": {
    "0": {
      "precision": 0.7714285714285715,
      "recall": 0.8181818181818182,
      "f1-score": 0.7941176470588235,
      "support": 33.0
    },
    "1": {
      "precision": 0.891566265060241,
      "recall": 0.8505747126436781,
      "f1-score": 0.8705882352941177,
      "support": 87.0
    },
    "2": {
      "precision": 0.75,
      "recall": 0.7777777777777778,
      "f1-score": 0.7636363636363637,
      "support": 54.0
    },
    "accuracy": 0.8218390804597702,
    "macro avg": {
      "precision": 0.8043316121629375,
      "recall": 0.8155114362010915,
      "f1-score": 0.8094474153297683,
      "support": 174.0
    },
    "weighted avg": {
      "precision": 0.8248471719389875,
      "recall": 0.8218390804597702,
      "f1-score": 0.822893232528121,
      "support": 174.0
    }
  },
  "labels": [
    1,
    2,
    2,
    0,
    1,
    2,
    0,
    1,
    1,
    2,
    1,
    1,
    0,
    1,
    0,
    2,
    0,
    2,
    1,
    0,
    0,
    1,
    1,
    1,
    1,
    0,
    1,
    2,
    1,
    2,
    1,
    2,
    1,
    1,
    1,
    1,
    1,
    1,
    1,
    1,
    2,
    1,
    2,
    1,
    2,
    1,
    2,
    2,
    2,
    1,
    2,
    0,
    2,
    0,
    0,
    1,
    1,
    2,
    0,
    2,
    1,
    0,
    2,
    1,
    2,
    2,
    1,
    1,
    2,
    1,
    0,
    2,
    2,
    1,
    0,
    1,
    0,
    1,
    1,
    2,
    1,
    2,
    1,
    0,
    2,
    1,
    0,
    1,
    1,
    1,
    0,
    2,
    2,
    2,
    2,
    1,
    1,
    0,
    1,
    1,
    2,
    0,
    1,
    1,
    2,
    2,
    1,
    2,
    2,
    1,
    2,
    1,
    2,
    2,
    2,
    0,
    0,
    1,
    2,
    1,
    2,
    1,
    1,
    1,
    0,
    1,
    1,
    0,
    1,
    2,
    1,
    2,
    1,
    1,
    0,
    1,
    2,
    1,
    0,
    1,
    1,
    0,
    1,
    2,
    0,
    1,
    1,
    1,
    1,
    1,
    1,
    1,
    0,
    0,
    1,
    2,
    0,
    1,
    1,
    1,
    1,
    1,
    2,
    2,
    1,
    0,
    1,
    1,
    2,
    2,
    1,
    2,
    1,
    2
  ],
  "predictions": [
    0,
    2,
    2,
    0,
    1,
    2,
    0,
    2,
    1,
    2,
    2,
    1,
    0,
    1,
    0,
    2,
    0,
    1,
    1,
    0,
    1,
    0,
    2,
    1,
    0,
    0,
    1,
    2,
    1,
    2,
    1,
    2,
    1,
    1,
    1,
    1,
    1,
    1,
    1,
    1,
    1,
    1,
    2,
    1,
    2,
    1,
    2,
    2,
    2,
    1,
    2,
    0,
    2,
    0,
    2,
    1,
    1,
    2,
    0,
    1,
    1,
    0,
    2,
    1,
    1,
    2,
    1,
    2,
    2,
    1,
    0,
    2,
    2,
    1,
    0,
    2,
    2,
    1,
    1,
    2,
    1,
    0,
    1,
    0,
    2,
    1,
    0,
    2,
    1,
    1,
    2,
    0,
    2,
    2,
    2,
    1,
    1,
    0,
    1,
    1,
    2,
    0,
    1,
    1,
    0,
    2,
    2,
    2,
    1,
    1,
    2,
    1,
    2,
    0,
    0,
    0,
    0,
    1,
    2,
    2,
    2,
    1,
    1,
    1,
    0,
    1,
    2,
    0,
    1,
    2,
    1,
    2,
    1,
    1,
    0,
    1,
    1,
    1,
    0,
    1,
    1,
    0,
    1,
    2,
    1,
    1,
    1,
    1,
    1,
    1,
    1,
    1,
    2,
    0,
    1,
    2,
    0,
    1,
    1,
    1,
    1,
    1,
    2,
    2,
    1,
    0,
    1,
    1,
    2,
    2,
    2,
    1,
    1,
    2
  ]
}