{
  "Negative": {
    "precision": 0.9350828729281768,
    "recall": 0.9609652235628106,
    "f1-score": 0.9478473923696185,
    "support": 1409.0
  },
  "Neutral": {
    "precision": 0.6312056737588653,
    "recall": 0.5329341317365269,
    "f1-score": 0.577922077922078,
    "support": 167.0
  },
  "Positive": {
    "precision": 0.9511731135066582,
    "recall": 0.9433962264150944,
    "f1-score": 0.947268708556994,
    "support": 1590.0
  },
  "accuracy": 0.9295641187618446,
  "macro avg": {
    "precision": 0.8391538867312334,
    "recall": 0.8124318605714773,
    "f1-score": 0.8243460596162301,
    "support": 3166.0
  },
  "weighted avg": {
    "precision": 0.9271346702302964,
    "recall": 0.9295641187618446,
    "f1-score": 0.9280439701413139,
    "support": 3166.0
  }
}