{
  "metrics": {
    "accuracy": 0.8390804597701149,
    "macro_f1": 0.8271915732118811
  },
  "report": {
    "0": {
      "precision": 0.7631578947368421,
      "recall": 0.8787878787878788,
      "f1-score": 0.8169014084507042,
      "support": 33.0
    },
    "1": {
      "precision": 0.8941176470588236,
      "recall": 0.8735632183908046,
      "f1-score": 0.8837209302325582,
      "support": 87.0
    },
    "2": {
      "precision": 0.803921568627451,
      "recall": 0.7592592592592593,
      "f1-score": 0.780952380952381,
      "support": 54.0
    },
    "accuracy": 0.8390804597701149,
    "macro avg": {
      "precision": 0.8203990368077055,
      "recall": 0.8372034521459808,
      "f1-score": 0.8271915732118811,
      "support": 174.0
    },
    "weighted avg": {
      "precision": 0.8412885662431943,
      "recall": 0.8390804597701149,
      "f1-score": 0.8391545746007723,
      "support": 174.0
    }
  },
  "labels": [
    1,
    2,
    2,
    0,
    1,
    2,
    0,
    1,
    1,
    2,
    1,
    1,
    0,
    1,
    0,
    2,
    0,
    2,
    1,
    0,
    0,
    1,
    1,
    1,
    1,
    0,
    1,
    2,
    1,
    2,
    1,
    2,
    1,
    1,
    1,
    1,
    1,
    1,
    1,
    1,
    2,
    1,
    2,
    1,
    2,
    1,
    2,
    2,
    2,
    1,
    2,
    0,
    2,
    0,
    0,
    1,
    1,
    2,
    0,
    2,
    1,
    0,
    2,
    1,
    2,
    2,
    1,
    1,
    2,
    1,
    0,
    2,
    2,
    1,
    0,
    1,
    0,
    1,
    1,
    2,
    1,
    2,
    1,
    0,
    2,
    1,
    0,
    1,
    1,
    1,
    0,
    2,
    2,
    2,
    2,
    1,
    1,
    0,
    1,
    1,
    2,
    0,
    1,
    1,
    2,
    2,
    1,
    2,
    2,
    1,
    2,
    1,
    2,
    2,
    2,
    0,
    0,
    1,
    2,
    1,
    2,
    1,
    1,
    1,
    0,
    1,
    1,
    0,
    1,
    2,
    1,
    2,
    1,
    1,
    0,
    1,
    2,
    1,
    0,
    1,
    1,
    0,
    1,
    2,
    0,
    1,
    1,
    1,
    1,
    1,
    1,
    1,
    0,
    0,
    1,
    2,
    0,
    1,
    1,
    1,
    1,
    1,
    2,
    2,
    1,
    0,
    1,
    1,
    2,
    2,
    1,
    2,
    1,
    2
  ],
  "predictions": [
    0,
    2,
    2,
    0,
    1,
    1,
    0,
    1,
    1,
    2,
    2,
    1,
    0,
    1,
    0,
    2,
    2,
    1,
    1,
    0,
    1,
    2,
    1,
    1,
    0,
    0,
    1,
    2,
    1,
    2,
    1,
    2,
    1,
    1,
    1,
    1,
    1,
    1,
    1,
    1,
    2,
    0,
    2,
    1,
    2,
    1,
    1,
    2,
    2,
    1,
    2,
    0,
    2,
    0,
    0,
    1,
    1,
    2,
    0,
    1,
    1,
    0,
    2,
    1,
    2,
    1,
    1,
    1,
    2,
    1,
    0,
    2,
    2,
    1,
    0,
    2,
    0,
    1,
    1,
    2,
    1,
    0,
    1,
    0,
    2,
    1,
    0,
    2,
    1,
    1,
    2,
    0,
    2,
    2,
    2,
    1,
    1,
    0,
    1,
    1,
    2,
    0,
    1,
    1,
    0,
    2,
    2,
    2,
    0,
    1,
    2,
    1,
    2,
    0,
    0,
    0,
    0,
    1,
    2,
    2,
    2,
    1,
    1,
    1,
    0,
    1,
    2,
    0,
    1,
    2,
    1,
    2,
    1,
    1,
    0,
    1,
    1,
    1,
    0,
    1,
    1,
    0,
    1,
    2,
    1,
    1,
    1,
    1,
    1,
    1,
    1,
    1,
    0,
    0,
    1,
    2,
    0,
    1,
    1,
    1,
    1,
    1,
    2,
    2,
    1,
    0,
    1,
    1,
    2,
    2,
    2,
    1,
    1,
    2
  ]
}