{
  "Negative": {
    "precision": 0.8126801152737753,
    "recall": 0.8103448275862069,
    "f1-score": 0.8115107913669065,
    "support": 348.0
  },
  "Neutral": {
    "precision": 0.5979899497487438,
    "recall": 0.6397849462365591,
    "f1-score": 0.6181818181818182,
    "support": 186.0
  },
  "Positive": {
    "precision": 0.8299319727891157,
    "recall": 0.7672955974842768,
    "f1-score": 0.7973856209150327,
    "support": 159.0
  },
  "accuracy": 0.7546897546897547,
  "macro avg": {
    "precision": 0.7468673459372116,
    "recall": 0.7391417904356808,
    "f1-score": 0.7423594101545857,
    "support": 693.0
  },
  "weighted avg": {
    "precision": 0.7590158649956846,
    "recall": 0.7546897546897547,
    "f1-score": 0.756380789759007,
    "support": 693.0
  }
}