{
  "Negative": {
    "precision": 0.9319606087735004,
    "recall": 0.7850678733031674,
    "f1-score": 0.8522308636921817,
    "support": 1326.0
  },
  "Neutral": {
    "precision": 0.5867237687366167,
    "recall": 0.8616352201257862,
    "f1-score": 0.6980891719745222,
    "support": 636.0
  },
  "Positive": {
    "precision": 0.9183856502242153,
    "recall": 0.8504983388704319,
    "f1-score": 0.8831392841742131,
    "support": 1204.0
  },
  "accuracy": 0.8253316487681617,
  "macro avg": {
    "precision": 0.8123566759114441,
    "recall": 0.8324004774331284,
    "f1-score": 0.8111531066136389,
    "support": 3166.0
  },
  "weighted avg": {
    "precision": 0.8574454854769756,
    "recall": 0.8253316487681617,
    "f1-score": 0.8330203843263998,
    "support": 3166.0
  }
}