{
  "dataset_name": "vlsp2016_dataset",
  "model_name": "visobert",
  "foundation_model": "visobert",
  "head_model": "cnn",
  "test_loss": 0.6693907976150513,
  "test_accuracy": 0.7447618842124939,
  "test_samples": 1050,
  "classification_metrics": {
    "Negative": {
      "precision": 0.7335092348284961,
      "recall": 0.7942857142857143,
      "f1-score": 0.7626886145404664,
      "support": 350.0
    },
    "Neutral": {
      "precision": 0.7084639498432602,
      "recall": 0.6457142857142857,
      "f1-score": 0.6756352765321375,
      "support": 350.0
    },
    "Positive": {
      "precision": 0.7897727272727273,
      "recall": 0.7942857142857143,
      "f1-score": 0.792022792022792,
      "support": 350.0
    },
    "accuracy": 0.7447619047619047,
    "macro avg": {
      "precision": 0.7439153039814945,
      "recall": 0.7447619047619046,
      "f1-score": 0.7434488943651321,
      "support": 1050.0
    },
    "weighted avg": {
      "precision": 0.7439153039814945,
      "recall": 0.7447619047619047,
      "f1-score": 0.7434488943651321,
      "support": 1050.0
    }
  }
}