{
  "dataset_name": "augmentation_dataset",
  "model_name": "visobert",
  "foundation_model": "visobert",
  "head_model": "cnn",
  "test_loss": 0.4963715076446533,
  "test_accuracy": 0.8439671397209167,
  "test_samples": 3166,
  "classification_metrics": {
    "Negative": {
      "precision": 0.9092382495948136,
      "recall": 0.8461538461538461,
      "f1-score": 0.8765625,
      "support": 1326.0
    },
    "Neutral": {
      "precision": 0.6636245110821382,
      "recall": 0.800314465408805,
      "f1-score": 0.7255880256593015,
      "support": 636.0
    },
    "Positive": {
      "precision": 0.8935622317596567,
      "recall": 0.8646179401993356,
      "f1-score": 0.8788518362178134,
      "support": 1204.0
    },
    "accuracy": 0.8439671509791535,
    "macro avg": {
      "precision": 0.8221416641455361,
      "recall": 0.837028750587329,
      "f1-score": 0.8270007872923716,
      "support": 3166.0
    },
    "weighted avg": {
      "precision": 0.8539368398766864,
      "recall": 0.8439671509791535,
      "f1-score": 0.8471046968179289,
      "support": 3166.0
    }
  }
}