{
  "dataset_name": "uit-vsmec-no-emotion",
  "model_name": "vit5",
  "foundation_model": "vit5",
  "head_model": "cnn",
  "test_loss": 0.7821658849716187,
  "test_accuracy": 0.7445887327194214,
  "test_samples": 693,
  "classification_metrics": {
    "Negative": {
      "precision": 0.7988826815642458,
      "recall": 0.8218390804597702,
      "f1-score": 0.8101983002832861,
      "support": 348.0
    },
    "Neutral": {
      "precision": 0.6097560975609756,
      "recall": 0.5376344086021505,
      "f1-score": 0.5714285714285714,
      "support": 186.0
    },
    "Positive": {
      "precision": 0.7602339181286549,
      "recall": 0.8176100628930818,
      "f1-score": 0.7878787878787878,
      "support": 159.0
    },
    "accuracy": 0.7445887445887446,
    "macro avg": {
      "precision": 0.7229575657512921,
      "recall": 0.7256945173183341,
      "f1-score": 0.7231685531968818,
      "support": 693.0
    },
    "weighted avg": {
      "precision": 0.7392539687058515,
      "recall": 0.7445887445887446,
      "f1-score": 0.7409919914242787,
      "support": 693.0
    }
  }
}