{
  "metrics": {
    "accuracy": 0.8333333333333334,
    "macro_f1": 0.8203341065616515
  },
  "report": {
    "0": {
      "precision": 0.7567567567567568,
      "recall": 0.8484848484848485,
      "f1-score": 0.8,
      "support": 33.0
    },
    "1": {
      "precision": 0.925,
      "recall": 0.8505747126436781,
      "f1-score": 0.8862275449101796,
      "support": 87.0
    },
    "2": {
      "precision": 0.7543859649122807,
      "recall": 0.7962962962962963,
      "f1-score": 0.7747747747747747,
      "support": 54.0
    },
    "accuracy": 0.8333333333333334,
    "macro avg": {
      "precision": 0.8120475738896792,
      "recall": 0.8317852858082743,
      "f1-score": 0.8203341065616515,
      "support": 174.0
    },
    "weighted avg": {
      "precision": 0.8401426153921617,
      "recall": 0.8333333333333334,
      "f1-score": 0.8352852542817442,
      "support": 174.0
    }
  },
  "labels": [
    1,
    2,
    2,
    0,
    1,
    2,
    0,
    1,
    1,
    2,
    1,
    1,
    0,
    1,
    0,
    2,
    0,
    2,
    1,
    0,
    0,
    1,
    1,
    1,
    1,
    0,
    1,
    2,
    1,
    2,
    1,
    2,
    1,
    1,
    1,
    1,
    1,
    1,
    1,
    1,
    2,
    1,
    2,
    1,
    2,
    1,
    2,
    2,
    2,
    1,
    2,
    0,
    2,
    0,
    0,
    1,
    1,
    2,
    0,
    2,
    1,
    0,
    2,
    1,
    2,
    2,
    1,
    1,
    2,
    1,
    0,
    2,
    2,
    1,
    0,
    1,
    0,
    1,
    1,
    2,
    1,
    2,
    1,
    0,
    2,
    1,
    0,
    1,
    1,
    1,
    0,
    2,
    2,
    2,
    2,
    1,
    1,
    0,
    1,
    1,
    2,
    0,
    1,
    1,
    2,
    2,
    1,
    2,
    2,
    1,
    2,
    1,
    2,
    2,
    2,
    0,
    0,
    1,
    2,
    1,
    2,
    1,
    1,
    1,
    0,
    1,
    1,
    0,
    1,
    2,
    1,
    2,
    1,
    1,
    0,
    1,
    2,
    1,
    0,
    1,
    1,
    0,
    1,
    2,
    0,
    1,
    1,
    1,
    1,
    1,
    1,
    1,
    0,
    0,
    1,
    2,
    0,
    1,
    1,
    1,
    1,
    1,
    2,
    2,
    1,
    0,
    1,
    1,
    2,
    2,
    1,
    2,
    1,
    2
  ],
  "predictions": [
    0,
    2,
    0,
    0,
    1,
    1,
    0,
    1,
    1,
    2,
    2,
    1,
    0,
    1,
    2,
    2,
    0,
    1,
    1,
    0,
    1,
    2,
    1,
    1,
    0,
    0,
    1,
    2,
    1,
    2,
    1,
    2,
    1,
    1,
    1,
    1,
    1,
    1,
    1,
    1,
    2,
    1,
    2,
    1,
    2,
    1,
    2,
    2,
    2,
    1,
    2,
    0,
    2,
    0,
    2,
    1,
    1,
    2,
    0,
    2,
    1,
    0,
    1,
    1,
    2,
    2,
    1,
    1,
    2,
    1,
    0,
    2,
    2,
    1,
    0,
    2,
    0,
    1,
    1,
    2,
    1,
    2,
    1,
    0,
    2,
    1,
    0,
    2,
    1,
    0,
    2,
    0,
    1,
    2,
    2,
    1,
    1,
    0,
    1,
    1,
    2,
    0,
    2,
    1,
    0,
    2,
    2,
    2,
    2,
    1,
    2,
    1,
    2,
    0,
    0,
    0,
    0,
    1,
    2,
    2,
    2,
    1,
    1,
    1,
    0,
    2,
    2,
    0,
    1,
    2,
    1,
    2,
    1,
    1,
    0,
    1,
    0,
    1,
    0,
    1,
    1,
    0,
    1,
    2,
    0,
    1,
    1,
    1,
    1,
    1,
    1,
    1,
    2,
    0,
    1,
    2,
    0,
    1,
    1,
    1,
    1,
    1,
    2,
    2,
    1,
    0,
    1,
    1,
    2,
    2,
    2,
    1,
    1,
    2
  ]
}