{
  "dataset_name": "merged_dataset",
  "model_name": "visobert",
  "foundation_model": "visobert",
  "head_model": "cnn",
  "test_loss": 0.5998772382736206,
  "test_accuracy": 0.8953096866607666,
  "test_samples": 3859,
  "classification_metrics": {
    "Negative": {
      "precision": 0.9112723214285714,
      "recall": 0.92942515651679,
      "f1-score": 0.9202592279515357,
      "support": 1757.0
    },
    "Neutral": {
      "precision": 0.6254545454545455,
      "recall": 0.48725212464589235,
      "f1-score": 0.5477707006369427,
      "support": 353.0
    },
    "Positive": {
      "precision": 0.9207589285714286,
      "recall": 0.9433962264150944,
      "f1-score": 0.931940129906806,
      "support": 1749.0
    },
    "accuracy": 0.8953096657165068,
    "macro avg": {
      "precision": 0.8191619318181819,
      "recall": 0.7866911691925923,
      "f1-score": 0.7999900194984281,
      "support": 3859.0
    },
    "weighted avg": {
      "precision": 0.8894268694912887,
      "recall": 0.8953096657165068,
      "f1-score": 0.8914801264686947,
      "support": 3859.0
    }
  }
}