{
  "dataset_name": "uit-vsmec",
  "model_name": "visobert",
  "foundation_model": "visobert",
  "head_model": "cnn",
  "test_loss": 0.6986798048019409,
  "test_accuracy": 0.7445887327194214,
  "test_samples": 693,
  "classification_metrics": {
    "Negative": {
      "precision": 0.8155619596541787,
      "recall": 0.8132183908045977,
      "f1-score": 0.814388489208633,
      "support": 348.0
    },
    "Neutral": {
      "precision": 0.5691489361702128,
      "recall": 0.5752688172043011,
      "f1-score": 0.5721925133689839,
      "support": 186.0
    },
    "Positive": {
      "precision": 0.7974683544303798,
      "recall": 0.7924528301886793,
      "f1-score": 0.7949526813880127,
      "support": 159.0
    },
    "accuracy": 0.7445887445887446,
    "macro avg": {
      "precision": 0.727393083418257,
      "recall": 0.726980012732526,
      "f1-score": 0.7271778946552098,
      "support": 693.0
    },
    "weighted avg": {
      "precision": 0.7452737841872211,
      "recall": 0.7445887445887446,
      "f1-score": 0.7449242107820048,
      "support": 693.0
    }
  }
}