{
  "metrics": {
    "accuracy": 0.8275862068965517,
    "macro_f1": 0.8044428824325731
  },
  "report": {
    "0": {
      "precision": 0.6904761904761905,
      "recall": 0.8787878787878788,
      "f1-score": 0.7733333333333333,
      "support": 33.0
    },
    "1": {
      "precision": 0.8876404494382022,
      "recall": 0.9080459770114943,
      "f1-score": 0.8977272727272727,
      "support": 87.0
    },
    "2": {
      "precision": 0.8372093023255814,
      "recall": 0.6666666666666666,
      "f1-score": 0.7422680412371134,
      "support": 54.0
    },
    "accuracy": 0.8275862068965517,
    "macro avg": {
      "precision": 0.8051086474133248,
      "recall": 0.8178335074886799,
      "f1-score": 0.8044428824325731,
      "support": 174.0
    },
    "weighted avg": {
      "precision": 0.8345961822552833,
      "recall": 0.8275862068965517,
      "f1-score": 0.8258893503107864,
      "support": 174.0
    }
  },
  "labels": [
    1,
    2,
    2,
    0,
    1,
    2,
    0,
    1,
    1,
    2,
    1,
    1,
    0,
    1,
    0,
    2,
    0,
    2,
    1,
    0,
    0,
    1,
    1,
    1,
    1,
    0,
    1,
    2,
    1,
    2,
    1,
    2,
    1,
    1,
    1,
    1,
    1,
    1,
    1,
    1,
    2,
    1,
    2,
    1,
    2,
    1,
    2,
    2,
    2,
    1,
    2,
    0,
    2,
    0,
    0,
    1,
    1,
    2,
    0,
    2,
    1,
    0,
    2,
    1,
    2,
    2,
    1,
    1,
    2,
    1,
    0,
    2,
    2,
    1,
    0,
    1,
    0,
    1,
    1,
    2,
    1,
    2,
    1,
    0,
    2,
    1,
    0,
    1,
    1,
    1,
    0,
    2,
    2,
    2,
    2,
    1,
    1,
    0,
    1,
    1,
    2,
    0,
    1,
    1,
    2,
    2,
    1,
    2,
    2,
    1,
    2,
    1,
    2,
    2,
    2,
    0,
    0,
    1,
    2,
    1,
    2,
    1,
    1,
    1,
    0,
    1,
    1,
    0,
    1,
    2,
    1,
    2,
    1,
    1,
    0,
    1,
    2,
    1,
    0,
    1,
    1,
    0,
    1,
    2,
    0,
    1,
    1,
    1,
    1,
    1,
    1,
    1,
    0,
    0,
    1,
    2,
    0,
    1,
    1,
    1,
    1,
    1,
    2,
    2,
    1,
    0,
    1,
    1,
    2,
    2,
    1,
    2,
    1,
    2
  ],
  "predictions": [
    0,
    2,
    0,
    0,
    1,
    1,
    0,
    1,
    1,
    2,
    2,
    1,
    0,
    1,
    0,
    2,
    0,
    1,
    1,
    0,
    1,
    0,
    1,
    1,
    0,
    0,
    1,
    2,
    1,
    2,
    1,
    2,
    1,
    1,
    1,
    1,
    1,
    1,
    1,
    1,
    2,
    1,
    0,
    1,
    2,
    1,
    0,
    1,
    2,
    1,
    2,
    0,
    2,
    0,
    2,
    1,
    1,
    2,
    0,
    2,
    1,
    0,
    2,
    1,
    1,
    2,
    1,
    1,
    1,
    1,
    0,
    1,
    2,
    1,
    0,
    1,
    0,
    1,
    1,
    2,
    1,
    0,
    1,
    0,
    2,
    1,
    0,
    2,
    1,
    1,
    2,
    0,
    2,
    2,
    2,
    1,
    1,
    0,
    1,
    1,
    2,
    0,
    1,
    1,
    0,
    2,
    2,
    1,
    0,
    1,
    2,
    1,
    2,
    0,
    0,
    0,
    0,
    1,
    2,
    1,
    2,
    1,
    1,
    1,
    0,
    1,
    2,
    0,
    1,
    2,
    1,
    2,
    1,
    1,
    0,
    1,
    0,
    1,
    0,
    1,
    1,
    0,
    1,
    2,
    1,
    1,
    1,
    1,
    1,
    1,
    1,
    1,
    0,
    0,
    1,
    2,
    0,
    1,
    1,
    1,
    1,
    1,
    2,
    2,
    1,
    0,
    1,
    1,
    2,
    2,
    2,
    1,
    1,
    2
  ]
}