{
  "metrics": {
    "accuracy": 0.8563218390804598,
    "macro_f1": 0.8484574654110583
  },
  "report": {
    "0": {
      "precision": 0.8709677419354839,
      "recall": 0.8181818181818182,
      "f1-score": 0.84375,
      "support": 33.0
    },
    "1": {
      "precision": 0.9375,
      "recall": 0.8620689655172413,
      "f1-score": 0.8982035928143712,
      "support": 87.0
    },
    "2": {
      "precision": 0.746031746031746,
      "recall": 0.8703703703703703,
      "f1-score": 0.8034188034188035,
      "support": 54.0
    },
    "accuracy": 0.8563218390804598,
    "macro avg": {
      "precision": 0.85149982932241,
      "recall": 0.8502070513564766,
      "f1-score": 0.8484574654110583,
      "support": 174.0
    },
    "weighted avg": {
      "precision": 0.8654606308596854,
      "recall": 0.8563218390804598,
      "f1-score": 0.8584602181578488,
      "support": 174.0
    }
  },
  "labels": [
    1,
    2,
    2,
    0,
    1,
    2,
    0,
    1,
    1,
    2,
    1,
    1,
    0,
    1,
    0,
    2,
    0,
    2,
    1,
    0,
    0,
    1,
    1,
    1,
    1,
    0,
    1,
    2,
    1,
    2,
    1,
    2,
    1,
    1,
    1,
    1,
    1,
    1,
    1,
    1,
    2,
    1,
    2,
    1,
    2,
    1,
    2,
    2,
    2,
    1,
    2,
    0,
    2,
    0,
    0,
    1,
    1,
    2,
    0,
    2,
    1,
    0,
    2,
    1,
    2,
    2,
    1,
    1,
    2,
    1,
    0,
    2,
    2,
    1,
    0,
    1,
    0,
    1,
    1,
    2,
    1,
    2,
    1,
    0,
    2,
    1,
    0,
    1,
    1,
    1,
    0,
    2,
    2,
    2,
    2,
    1,
    1,
    0,
    1,
    1,
    2,
    0,
    1,
    1,
    2,
    2,
    1,
    2,
    2,
    1,
    2,
    1,
    2,
    2,
    2,
    0,
    0,
    1,
    2,
    1,
    2,
    1,
    1,
    1,
    0,
    1,
    1,
    0,
    1,
    2,
    1,
    2,
    1,
    1,
    0,
    1,
    2,
    1,
    0,
    1,
    1,
    0,
    1,
    2,
    0,
    1,
    1,
    1,
    1,
    1,
    1,
    1,
    0,
    0,
    1,
    2,
    0,
    1,
    1,
    1,
    1,
    1,
    2,
    2,
    1,
    0,
    1,
    1,
    2,
    2,
    1,
    2,
    1,
    2
  ],
  "predictions": [
    0,
    2,
    2,
    0,
    1,
    1,
    0,
    2,
    1,
    2,
    2,
    1,
    0,
    1,
    2,
    2,
    0,
    2,
    1,
    0,
    1,
    2,
    2,
    1,
    1,
    0,
    1,
    2,
    1,
    2,
    1,
    2,
    1,
    1,
    1,
    1,
    1,
    1,
    1,
    1,
    2,
    1,
    1,
    1,
    2,
    1,
    2,
    2,
    2,
    1,
    2,
    0,
    2,
    0,
    2,
    1,
    1,
    2,
    0,
    2,
    1,
    0,
    2,
    1,
    2,
    2,
    1,
    2,
    2,
    1,
    0,
    2,
    2,
    1,
    0,
    2,
    2,
    1,
    1,
    2,
    1,
    2,
    1,
    0,
    2,
    1,
    0,
    2,
    1,
    1,
    2,
    1,
    2,
    2,
    2,
    1,
    1,
    0,
    1,
    1,
    2,
    0,
    1,
    1,
    0,
    2,
    2,
    2,
    2,
    1,
    2,
    1,
    2,
    0,
    0,
    0,
    0,
    1,
    2,
    1,
    2,
    1,
    1,
    1,
    0,
    1,
    2,
    0,
    1,
    2,
    1,
    2,
    1,
    1,
    0,
    1,
    1,
    1,
    0,
    1,
    1,
    0,
    1,
    2,
    0,
    1,
    1,
    1,
    1,
    1,
    1,
    1,
    2,
    0,
    2,
    2,
    0,
    1,
    1,
    1,
    1,
    1,
    2,
    2,
    1,
    0,
    1,
    1,
    2,
    2,
    2,
    2,
    1,
    2
  ]
}