{
  "metrics": {
    "accuracy": 0.8218390804597702,
    "macro_f1": 0.8010306594074631
  },
  "report": {
    "0": {
      "precision": 0.8064516129032258,
      "recall": 0.7575757575757576,
      "f1-score": 0.78125,
      "support": 33.0
    },
    "1": {
      "precision": 0.851063829787234,
      "recall": 0.9195402298850575,
      "f1-score": 0.8839779005524862,
      "support": 87.0
    },
    "2": {
      "precision": 0.7755102040816326,
      "recall": 0.7037037037037037,
      "f1-score": 0.7378640776699029,
      "support": 54.0
    },
    "accuracy": 0.8218390804597702,
    "macro avg": {
      "precision": 0.8110085489240308,
      "recall": 0.7936065637215063,
      "f1-score": 0.8010306594074631,
      "support": 174.0
    },
    "weighted avg": {
      "precision": 0.8191552151592183,
      "recall": 0.8218390804597702,
      "f1-score": 0.8191493536910405,
      "support": 174.0
    }
  },
  "labels": [
    1,
    2,
    2,
    0,
    1,
    2,
    0,
    1,
    1,
    2,
    1,
    1,
    0,
    1,
    0,
    2,
    0,
    2,
    1,
    0,
    0,
    1,
    1,
    1,
    1,
    0,
    1,
    2,
    1,
    2,
    1,
    2,
    1,
    1,
    1,
    1,
    1,
    1,
    1,
    1,
    2,
    1,
    2,
    1,
    2,
    1,
    2,
    2,
    2,
    1,
    2,
    0,
    2,
    0,
    0,
    1,
    1,
    2,
    0,
    2,
    1,
    0,
    2,
    1,
    2,
    2,
    1,
    1,
    2,
    1,
    0,
    2,
    2,
    1,
    0,
    1,
    0,
    1,
    1,
    2,
    1,
    2,
    1,
    0,
    2,
    1,
    0,
    1,
    1,
    1,
    0,
    2,
    2,
    2,
    2,
    1,
    1,
    0,
    1,
    1,
    2,
    0,
    1,
    1,
    2,
    2,
    1,
    2,
    2,
    1,
    2,
    1,
    2,
    2,
    2,
    0,
    0,
    1,
    2,
    1,
    2,
    1,
    1,
    1,
    0,
    1,
    1,
    0,
    1,
    2,
    1,
    2,
    1,
    1,
    0,
    1,
    2,
    1,
    0,
    1,
    1,
    0,
    1,
    2,
    0,
    1,
    1,
    1,
    1,
    1,
    1,
    1,
    0,
    0,
    1,
    2,
    0,
    1,
    1,
    1,
    1,
    1,
    2,
    2,
    1,
    0,
    1,
    1,
    2,
    2,
    1,
    2,
    1,
    2
  ],
  "predictions": [
    2,
    2,
    2,
    0,
    1,
    1,
    0,
    1,
    1,
    2,
    2,
    1,
    0,
    1,
    2,
    2,
    0,
    1,
    1,
    0,
    1,
    1,
    1,
    1,
    0,
    1,
    1,
    2,
    1,
    2,
    1,
    2,
    1,
    1,
    1,
    1,
    1,
    1,
    1,
    1,
    2,
    1,
    2,
    1,
    2,
    1,
    1,
    1,
    2,
    1,
    2,
    0,
    2,
    0,
    2,
    1,
    1,
    2,
    0,
    2,
    1,
    0,
    2,
    1,
    1,
    2,
    1,
    1,
    2,
    1,
    0,
    1,
    2,
    1,
    0,
    1,
    0,
    1,
    1,
    2,
    1,
    0,
    1,
    0,
    2,
    1,
    0,
    2,
    1,
    1,
    2,
    0,
    1,
    2,
    2,
    1,
    1,
    0,
    1,
    1,
    2,
    2,
    1,
    1,
    0,
    2,
    2,
    1,
    1,
    1,
    2,
    1,
    2,
    0,
    0,
    0,
    0,
    1,
    2,
    1,
    2,
    1,
    1,
    1,
    0,
    1,
    2,
    0,
    1,
    2,
    1,
    2,
    1,
    1,
    0,
    1,
    1,
    1,
    0,
    1,
    1,
    0,
    1,
    2,
    1,
    1,
    1,
    1,
    1,
    1,
    1,
    1,
    2,
    0,
    1,
    2,
    0,
    1,
    1,
    1,
    1,
    1,
    2,
    2,
    1,
    0,
    1,
    1,
    2,
    2,
    2,
    1,
    1,
    2
  ]
}