{
  "method": "emotion",
  "foundation_model": "phobert",
  "head_model": "lstm",
  "test_loss": 0.8461295962333679,
  "test_accuracy": 0.6883116960525513,
  "test_samples": 693,
  "classification_metrics": {
    "Negative": {
      "precision": 0.782991202346041,
      "recall": 0.7672413793103449,
      "f1-score": 0.7750362844702468,
      "support": 348.0
    },
    "Neutral": {
      "precision": 0.5344827586206896,
      "recall": 0.5,
      "f1-score": 0.5166666666666667,
      "support": 186.0
    },
    "Positive": {
      "precision": 0.6573033707865169,
      "recall": 0.7358490566037735,
      "f1-score": 0.6943620178041543,
      "support": 159.0
    },
    "accuracy": 0.6883116883116883,
    "macro avg": {
      "precision": 0.6582591105844159,
      "recall": 0.6676968119713728,
      "f1-score": 0.6620216563136893,
      "support": 693.0
    },
    "weighted avg": {
      "precision": 0.6874544985208179,
      "recall": 0.6883116883116883,
      "f1-score": 0.6871806462142949,
      "support": 693.0
    }
  }
}