{
  "metrics": {
    "accuracy": 0.8505747126436781,
    "macro_f1": 0.8281755133245959
  },
  "report": {
    "0": {
      "precision": 0.8064516129032258,
      "recall": 0.7575757575757576,
      "f1-score": 0.78125,
      "support": 33.0
    },
    "1": {
      "precision": 0.9090909090909091,
      "recall": 0.9195402298850575,
      "f1-score": 0.9142857142857143,
      "support": 87.0
    },
    "2": {
      "precision": 0.7818181818181819,
      "recall": 0.7962962962962963,
      "f1-score": 0.7889908256880734,
      "support": 54.0
    },
    "accuracy": 0.8505747126436781,
    "macro avg": {
      "precision": 0.8324535679374389,
      "recall": 0.8244707612523704,
      "f1-score": 0.8281755133245959,
      "support": 174.0
    },
    "weighted avg": {
      "precision": 0.8501264030741228,
      "recall": 0.8505747126436781,
      "f1-score": 0.8501701823563972,
      "support": 174.0
    }
  },
  "labels": [
    1,
    2,
    2,
    0,
    1,
    2,
    0,
    1,
    1,
    2,
    1,
    1,
    0,
    1,
    0,
    2,
    0,
    2,
    1,
    0,
    0,
    1,
    1,
    1,
    1,
    0,
    1,
    2,
    1,
    2,
    1,
    2,
    1,
    1,
    1,
    1,
    1,
    1,
    1,
    1,
    2,
    1,
    2,
    1,
    2,
    1,
    2,
    2,
    2,
    1,
    2,
    0,
    2,
    0,
    0,
    1,
    1,
    2,
    0,
    2,
    1,
    0,
    2,
    1,
    2,
    2,
    1,
    1,
    2,
    1,
    0,
    2,
    2,
    1,
    0,
    1,
    0,
    1,
    1,
    2,
    1,
    2,
    1,
    0,
    2,
    1,
    0,
    1,
    1,
    1,
    0,
    2,
    2,
    2,
    2,
    1,
    1,
    0,
    1,
    1,
    2,
    0,
    1,
    1,
    2,
    2,
    1,
    2,
    2,
    1,
    2,
    1,
    2,
    2,
    2,
    0,
    0,
    1,
    2,
    1,
    2,
    1,
    1,
    1,
    0,
    1,
    1,
    0,
    1,
    2,
    1,
    2,
    1,
    1,
    0,
    1,
    2,
    1,
    0,
    1,
    1,
    0,
    1,
    2,
    0,
    1,
    1,
    1,
    1,
    1,
    1,
    1,
    0,
    0,
    1,
    2,
    0,
    1,
    1,
    1,
    1,
    1,
    2,
    2,
    1,
    0,
    1,
    1,
    2,
    2,
    1,
    2,
    1,
    2
  ],
  "predictions": [
    2,
    2,
    2,
    2,
    1,
    1,
    0,
    1,
    1,
    2,
    2,
    1,
    0,
    1,
    2,
    2,
    0,
    2,
    1,
    0,
    1,
    1,
    1,
    1,
    0,
    0,
    1,
    2,
    1,
    2,
    1,
    2,
    1,
    1,
    1,
    1,
    1,
    1,
    1,
    1,
    2,
    1,
    2,
    1,
    2,
    1,
    2,
    1,
    2,
    1,
    2,
    0,
    2,
    0,
    2,
    1,
    1,
    2,
    0,
    2,
    1,
    0,
    2,
    1,
    2,
    2,
    1,
    1,
    1,
    1,
    0,
    2,
    2,
    1,
    0,
    1,
    2,
    1,
    1,
    2,
    1,
    2,
    1,
    0,
    2,
    1,
    0,
    2,
    1,
    1,
    2,
    0,
    1,
    2,
    2,
    1,
    1,
    0,
    1,
    1,
    2,
    0,
    1,
    1,
    0,
    2,
    2,
    2,
    0,
    1,
    2,
    1,
    2,
    0,
    0,
    0,
    0,
    1,
    2,
    1,
    2,
    1,
    1,
    1,
    0,
    1,
    2,
    0,
    1,
    2,
    1,
    2,
    1,
    1,
    0,
    1,
    1,
    1,
    0,
    1,
    1,
    0,
    1,
    2,
    1,
    1,
    1,
    1,
    1,
    1,
    1,
    1,
    2,
    0,
    1,
    2,
    0,
    1,
    1,
    1,
    1,
    1,
    2,
    2,
    1,
    0,
    1,
    1,
    2,
    2,
    2,
    1,
    1,
    2
  ]
}