{
  "dataset_name": "uit-vsmec-ved-no-emotion",
  "model_name": "phobert",
  "foundation_model": "phobert",
  "head_model": "cnn",
  "test_loss": 0.7326865196228027,
  "test_accuracy": 0.7388167381286621,
  "test_samples": 693,
  "classification_metrics": {
    "Negative": {
      "precision": 0.7942857142857143,
      "recall": 0.7988505747126436,
      "f1-score": 0.7965616045845272,
      "support": 348.0
    },
    "Neutral": {
      "precision": 0.6172839506172839,
      "recall": 0.5376344086021505,
      "f1-score": 0.5747126436781609,
      "support": 186.0
    },
    "Positive": {
      "precision": 0.7403314917127072,
      "recall": 0.8427672955974843,
      "f1-score": 0.788235294117647,
      "support": 159.0
    },
    "accuracy": 0.7388167388167388,
    "macro avg": {
      "precision": 0.7173003855385685,
      "recall": 0.7264174263040927,
      "f1-score": 0.7198365141267784,
      "support": 693.0
    },
    "weighted avg": {
      "precision": 0.7343996400700776,
      "recall": 0.7388167388167388,
      "f1-score": 0.7351073620263481,
      "support": 693.0
    }
  }
}