{
  "dataset_name": "uit-vsmec",
  "model_name": "viemonet_phobert",
  "foundation_model": "phobert",
  "head_model": "cnn",
  "test_loss": 0.776424765586853,
  "test_accuracy": 0.7662337422370911,
  "test_samples": 693,
  "classification_metrics": {
    "Negative": {
      "precision": 0.8082191780821918,
      "recall": 0.8477011494252874,
      "f1-score": 0.8274894810659187,
      "support": 348.0
    },
    "Neutral": {
      "precision": 0.68,
      "recall": 0.5483870967741935,
      "f1-score": 0.6071428571428571,
      "support": 186.0
    },
    "Positive": {
      "precision": 0.7528089887640449,
      "recall": 0.8427672955974843,
      "f1-score": 0.7952522255192879,
      "support": 159.0
    },
    "accuracy": 0.7662337662337663,
    "macro avg": {
      "precision": 0.7470093889487456,
      "recall": 0.7462851805989885,
      "f1-score": 0.7432948545760212,
      "support": 693.0
    },
    "weighted avg": {
      "precision": 0.7610922123897345,
      "recall": 0.7662337662337663,
      "f1-score": 0.7609524021602856,
      "support": 693.0
    }
  }
}