{
  "method": "no_emotion",
  "foundation_model": "phobert",
  "head_model": "cnn",
  "test_loss": 0.6986231803894043,
  "test_accuracy": 0.7316017150878906,
  "test_samples": 693,
  "classification_metrics": {
    "Negative": {
      "precision": 0.8028985507246377,
      "recall": 0.7959770114942529,
      "f1-score": 0.7994227994227994,
      "support": 348.0
    },
    "Neutral": {
      "precision": 0.6241610738255033,
      "recall": 0.5,
      "f1-score": 0.5552238805970149,
      "support": 186.0
    },
    "Positive": {
      "precision": 0.6884422110552764,
      "recall": 0.8616352201257862,
      "f1-score": 0.7653631284916201,
      "support": 159.0
    },
    "accuracy": 0.7316017316017316,
    "macro avg": {
      "precision": 0.7051672785351392,
      "recall": 0.7192040772066797,
      "f1-score": 0.7066699361704781,
      "support": 693.0
    },
    "weighted avg": {
      "precision": 0.7286651759617698,
      "recall": 0.7316017316017316,
      "f1-score": 0.7260656759312359,
      "support": 693.0
    }
  }
}