{
  "method": "emotion",
  "foundation_model": "phobert",
  "head_model": "lstm",
  "test_loss": 2.1876635551452637,
  "test_accuracy": 0.4000000059604645,
  "test_samples": 10,
  "classification_metrics": {
    "Negative": {
      "precision": 1.0,
      "recall": 0.2,
      "f1-score": 0.3333333333333333,
      "support": 5.0
    },
    "Neutral": {
      "precision": 0.3333333333333333,
      "recall": 1.0,
      "f1-score": 0.5,
      "support": 3.0
    },
    "Positive": {
      "precision": 0.0,
      "recall": 0.0,
      "f1-score": 0.0,
      "support": 2.0
    },
    "accuracy": 0.4,
    "macro avg": {
      "precision": 0.4444444444444444,
      "recall": 0.39999999999999997,
      "f1-score": 0.27777777777777773,
      "support": 10.0
    },
    "weighted avg": {
      "precision": 0.6,
      "recall": 0.4,
      "f1-score": 0.31666666666666665,
      "support": 10.0
    }
  }
}