{
  "Negative": {
    "precision": 0.7674418604651163,
    "recall": 0.7542857142857143,
    "f1-score": 0.760806916426513,
    "support": 350.0
  },
  "Neutral": {
    "precision": 0.7341389728096677,
    "recall": 0.6942857142857143,
    "f1-score": 0.7136563876651982,
    "support": 350.0
  },
  "Positive": {
    "precision": 0.7813333333333333,
    "recall": 0.8371428571428572,
    "f1-score": 0.8082758620689655,
    "support": 350.0
  },
  "accuracy": 0.7619047619047619,
  "macro avg": {
    "precision": 0.7609713888693724,
    "recall": 0.7619047619047619,
    "f1-score": 0.7609130553868922,
    "support": 1050.0
  },
  "weighted avg": {
    "precision": 0.7609713888693724,
    "recall": 0.7619047619047619,
    "f1-score": 0.7609130553868922,
    "support": 1050.0
  }
}