{
  "Negative": {
    "precision": 0.7532133676092545,
    "recall": 0.8419540229885057,
    "f1-score": 0.7951153324287653,
    "support": 348.0
  },
  "Neutral": {
    "precision": 0.6423357664233577,
    "recall": 0.4731182795698925,
    "f1-score": 0.544891640866873,
    "support": 186.0
  },
  "Positive": {
    "precision": 0.7664670658682635,
    "recall": 0.8050314465408805,
    "f1-score": 0.7852760736196319,
    "support": 159.0
  },
  "accuracy": 0.7344877344877345,
  "macro avg": {
    "precision": 0.7206720666336253,
    "recall": 0.7067012496997597,
    "f1-score": 0.7084276823050901,
    "support": 693.0
  },
  "weighted avg": {
    "precision": 0.7264949032551501,
    "recall": 0.7344877344877345,
    "f1-score": 0.7256982346204477,
    "support": 693.0
  }
}