{
  "dataset_name": "merged_dataset_with_augmented_vsfc_ved_phobert",
  "model_name": "phobert",
  "foundation_model": "phobert",
  "head_model": "cnn",
  "test_loss": 0.5039056539535522,
  "test_accuracy": 0.8364861607551575,
  "test_samples": 3859,
  "classification_metrics": {
    "Negative": {
      "precision": 0.8908977556109726,
      "recall": 0.8536439665471923,
      "f1-score": 0.8718730933496034,
      "support": 1674.0
    },
    "Neutral": {
      "precision": 0.6868008948545862,
      "recall": 0.7469586374695864,
      "f1-score": 0.7156177156177156,
      "support": 822.0
    },
    "Positive": {
      "precision": 0.8706833210874357,
      "recall": 0.8694057226705796,
      "f1-score": 0.8700440528634361,
      "support": 1363.0
    },
    "accuracy": 0.8364861363047421,
    "macro avg": {
      "precision": 0.8161273238509982,
      "recall": 0.823336108895786,
      "f1-score": 0.8191782872769183,
      "support": 3859.0
    },
    "weighted avg": {
      "precision": 0.8402836343885496,
      "recall": 0.8364861363047421,
      "f1-score": 0.8379433440160304,
      "support": 3859.0
    }
  }
}