{
  "dataset_name": "augmentation_dataset",
  "model_name": "vit5",
  "foundation_model": "vit5",
  "head_model": "cnn",
  "test_loss": 0.5326501727104187,
  "test_accuracy": 0.8246999382972717,
  "test_samples": 3166,
  "classification_metrics": {
    "Negative": {
      "precision": 0.8991596638655462,
      "recall": 0.8069381598793364,
      "f1-score": 0.8505564387917329,
      "support": 1326.0
    },
    "Neutral": {
      "precision": 0.6118500604594922,
      "recall": 0.7955974842767296,
      "f1-score": 0.6917293233082706,
      "support": 636.0
    },
    "Positive": {
      "precision": 0.9007832898172323,
      "recall": 0.8596345514950167,
      "f1-score": 0.87972800679983,
      "support": 1204.0
    },
    "accuracy": 0.824699936828806,
    "macro avg": {
      "precision": 0.8039310047140903,
      "recall": 0.8207233985503608,
      "f1-score": 0.8073379229666112,
      "support": 3166.0
    },
    "weighted avg": {
      "precision": 0.8420610971819011,
      "recall": 0.824699936828806,
      "f1-score": 0.8297442222517035,
      "support": 3166.0
    }
  }
}