{
  "dataset_name": "merged_dataset",
  "model_name": "viemonet_phobert",
  "foundation_model": "phobert",
  "head_model": "cnn",
  "test_loss": 0.5426411032676697,
  "test_accuracy": 0.8932365775108337,
  "test_samples": 3859,
  "classification_metrics": {
    "Negative": {
      "precision": 0.910263600673023,
      "recall": 0.9237336368810473,
      "f1-score": 0.9169491525423729,
      "support": 1757.0
    },
    "Neutral": {
      "precision": 0.5689655172413793,
      "recall": 0.5609065155807366,
      "f1-score": 0.5649072753209701,
      "support": 353.0
    },
    "Positive": {
      "precision": 0.9409722222222222,
      "recall": 0.9296740994854202,
      "f1-score": 0.9352890422778257,
      "support": 1749.0
    },
    "accuracy": 0.893236589790101,
    "macro avg": {
      "precision": 0.8067337800455415,
      "recall": 0.8047714173157346,
      "f1-score": 0.805715156713723,
      "support": 3859.0
    },
    "weighted avg": {
      "precision": 0.8929614901879697,
      "recall": 0.893236589790101,
      "f1-score": 0.8930584255374886,
      "support": 3859.0
    }
  }
}