{
  "dataset_name": "uit-vsmec-no-emotion",
  "model_name": "visobert",
  "foundation_model": "visobert",
  "head_model": "cnn",
  "test_loss": 0.6827731132507324,
  "test_accuracy": 0.7445887327194214,
  "test_samples": 693,
  "classification_metrics": {
    "Negative": {
      "precision": 0.7897574123989218,
      "recall": 0.8419540229885057,
      "f1-score": 0.8150208623087621,
      "support": 348.0
    },
    "Neutral": {
      "precision": 0.6064516129032258,
      "recall": 0.5053763440860215,
      "f1-score": 0.5513196480938416,
      "support": 186.0
    },
    "Positive": {
      "precision": 0.7724550898203593,
      "recall": 0.8113207547169812,
      "f1-score": 0.7914110429447853,
      "support": 159.0
    },
    "accuracy": 0.7445887445887446,
    "macro avg": {
      "precision": 0.7228880383741689,
      "recall": 0.7195503739305028,
      "f1-score": 0.719250517782463,
      "support": 693.0
    },
    "weighted avg": {
      "precision": 0.7365886562716623,
      "recall": 0.7445887445887446,
      "f1-score": 0.7388269414965724,
      "support": 693.0
    }
  }
}